id,naslov,avtor,povprecna_ocena,st_ocen,score
136251,Harry Potter and the Deathly Hallows,J.K. Rowling,4.62,2078078,385
2767052,The Hunger Games,Suzanne Collins,4.33,5541488,286
77203,The Kite Runner,Khaled Hosseini,4.27,2082446,252
19063,The Book Thief,Markus Zusak,4.36,1493701,243
1,Harry Potter and the Half-Blood Prince,J.K. Rowling,4.55,2000730,215
2,Harry Potter and the Order of the Phoenix,J.K. Rowling,4.48,2050942,195
4667024,The Help,Kathryn Stockett,4.46,1798199,159
128029,A Thousand Splendid Suns,Khaled Hosseini,4.35,965214,155
4214,Life of Pi,Yann Martel,3.89,1154195,146
6148028,Catching Fire,Suzanne Collins,4.29,2134143,143
2429135,The Girl with the Dragon Tattoo,Stieg Larsson,4.13,2193008,138
18619684,The Time Traveler's Wife,Audrey Niffenegger,3.96,1411746,137
11870085,The Fault in Our Stars,John Green,4.24,2896748,126
968,The Da Vinci Code,Dan Brown,3.81,1673740,120
6288,The Road,Cormac McCarthy,3.96,615017,116
43641,Water for Elephants,Sara Gruen,4.08,1204090,110
1618,The Curious Incident of the Dog in the Night-Time,Mark Haddon,3.86,1012220,107
7260188,Mockingjay,Suzanne Collins,4.03,2016322,100
862041,Harry Potter Series Box Set,J.K. Rowling,4.74,222739,99.807
12232938,The Lovely Bones,Alice Sebold,3.79,1791451,83.119
2187,Middlesex,Jeffrey Eugenides,3.99,540261,83.044
41865,Twilight,Stephenie Meyer,3.58,4296731,80.741
13335037,Divergent,Veronica Roth,4.22,2503830,79.455
6867,Atonement,Ian McEwan,3.89,392768,77.315
28187,The Lightning Thief,Rick Riordan,4.24,1631785,75.548
256683,City of Bones,Cassandra Clare,4.11,1389404,72.676
1232,The Shadow of the Wind,Carlos Ruiz Zafón,4.26,363028,71.739
4588,Extremely Loud and Incredibly Close,Jonathan Safran Foer,3.97,347790,69.884
37435,The Secret Life of Bees,Sue Monk Kidd,4.03,1003641,69.631
30165203,American Gods,Neil Gaiman,4.11,622216,69.231
7445,The Glass Castle,Jeannette Walls,4.25,746642,66.284
10917,My Sister's Keeper,Jodi Picoult,4.06,957291,65.000
960,Angels and Demons,Dan Brown,3.88,2305140,64.583
5060378,The Girl Who Played with Fire,Stieg Larsson,4.23,719862,59.748
6334,Never Let Me Go,Kazuo Ishiguro,3.81,379496,58.664
49628,Cloud Atlas,David Mitchell,4.02,188254,51.581
1656001,The Host,Stephenie Meyer,3.84,813674,50.191
1162543,Breaking Dawn,Stephenie Meyer,3.69,1159761,49.566
2728527,The Guernsey Literary and Potato Peel Pie Society,Mary Ann Shaffer,4.14,488873,48.549
2184798,Blood River: A Journey to Africa's Broken Heart,Tim Butcher,4.05,6391,48.540
428263,Eclipse,Stephenie Meyer,3.69,1248680,48.029
6892870,The Girl Who Kicked the Hornet's Nest,Stieg Larsson,4.21,572664,47.221
19501,"Eat, Pray, Love",Elizabeth Gilbert,3.53,1309515,45.069
49041,New Moon,Stephenie Meyer,3.52,1274276,44.544
3777732,City of Glass,Cassandra Clare,4.33,700488,40.860
4929,Kafka on the Shore,Haruki Murakami,4.13,232200,40.231
2213661,The Graveyard Book,Neil Gaiman,4.13,371759,38.246
186074,The Name of the Wind,Patrick Rothfuss,4.55,551011,38.236
31685789,Room,Emma Donoghue,4.04,618921,37.502
1582996,City of Ashes,Cassandra Clare,4.20,639191,36.959
1202,Freakonomics: A Rogue Economist Explores the Hidden Side of Everything,Steven D. Levitt,3.95,596651,34.984
297673,The Brief Wondrous Life of Oscar Wao,Junot Díaz,3.90,203592,34.466
3805,The Corrections,Jonathan Franzen,3.79,141784,33.704
21996,"The Devil in the White City: Murder, Magic, and Madness at the Fair That Changed America",Erik Larson,3.99,413491,32.133
18660669,Vampire Academy,Richelle Mead,4.13,493017,32.035
40440,The Thirteenth Tale,Diane Setterfield,3.95,243377,31.872
12691,Marley and Me: Life and Love With the World's Worst Dog,John Grogan,4.13,413696,31.398
10692,The Historian,Elizabeth Kostova,3.78,222526,31.188
256566,Everything Is Illuminated,Jonathan Safran Foer,3.90,153746,30.974
37470,The Other Boleyn Girl,Philippa Gregory,4.05,419784,30.909
9361589,The Night Circus,Erin Morgenstern,4.04,540776,30.617
12497,No Country for Old Men,Cormac McCarthy,4.13,121622,30.371
5826,Bel Canto,Ann Patchett,3.93,217139,30.306
3153910,The Art of Racing in the Rain,Garth Stein,4.20,389024,30.098
33917,The Namesake,Jhumpa Lahiri,3.97,207150,30.036
991197,The Complete Persepolis,Marjane Satrapi,4.38,92062,29.773
19288043,Gone Girl,Gillian Flynn,4.05,1860219,29.710
1103,Snow Flower and the Secret Fan,Lisa See,4.06,313729,29.554
46756,Oryx and Crake,Margaret Atwood,4.00,188354,29.066
21,A Short History of Nearly Everything,Bill Bryson,4.20,235434,28.930
10441,The Memory Keeper's Daughter,Kim Edwards,3.65,523660,26.329
14201,Jonathan Strange and Mr Norrell,Susanna Clarke,3.82,170854,26.277
28881,"Lamb: The Gospel According to Biff, Christ's Childhood Pal",Christopher Moore,4.26,136524,23.854
49436,Three Cups of Tea: One Man's Mission to Promote Peace ... One School at a Time,Greg Mortenson,3.64,305448,23.698
14743,The God Delusion,Richard Dawkins,3.90,200045,23.506
1812457,The Shack,William Paul Young,3.75,470628,22.944
556602,Sarah's Key,Tatiana de Rosnay,4.15,372642,22.197
8664353,"Unbroken: A World War II Story of Survival, Resilience and Redemption",Laura Hillenbrand,4.38,621926,21.899
14866,Nineteen Minutes,Jodi Picoult,4.11,273552,21.711
3109,The Omnivore's Dilemma: A Natural History of Four Meals,Michael Pollan,4.18,159797,20.583
4952,What Is the What,Dave Eggers,4.16,68630,20.053
3867,The History of Love,Nicole Krauss,3.92,111515,19.965
40102,Blink: The Power of Thinking Without Thinking,Malcolm Gladwell,3.91,409045,19.790
1768603,The White Tiger,Aravind Adiga,3.73,137442,19.333
10176,Dress Your Family in Corduroy and Denim,David Sedaris,4.09,220872,18.081
187020,Empire Falls,Richard Russo,3.92,98935,17.764
2731276,The Story of Edgar Sawtelle,David Wroblewski,3.61,83054,17.668
18143977,All the Light We Cannot See,Anthony Doerr,4.32,721708,17.593
2203,John Adams,David McCullough,4.05,258176,17.560
68210,Gilead,Marilynne Robinson,3.85,66493,17.134
8600,"Eats, Shoots and Leaves: The Zero Tolerance Approach to Punctuation",Lynne Truss,3.87,90224,17.113
99561,Looking for Alaska,John Green,4.06,945638,17.059
1241,A Million Little Pieces,James Frey,3.63,198146,16.720
7815,The Year of Magical Thinking,Joan Didion,3.88,114566,16.627
39999,The Boy in the Striped Pajamas,John Boyne,4.12,387802,16.343
43369,God Is Not Great: How Religion Poisons Everything,Christopher Hitchens,3.97,77195,15.971
2744,Anansi Boys,Neil Gaiman,4.02,169368,15.408
1379961,People of the Book,Geraldine Brooks,4.02,111555,15.315
514811,The Secret Magdalene,Ki Longfellow,4.21,3377,15.134
11735983,Insurgent,Veronica Roth,4.05,1020701,14.968
3591262,Cutting for Stone,Abraham Verghese,4.28,309233,14.328
10644930,11/22/63,Stephen King,4.30,346741,14.289
85301,Unaccustomed Earth,Jhumpa Lahiri,4.12,72141,13.940
7171637,Clockwork Angel,Cassandra Clare,4.33,574492,13.569
9969571,Ready Player One,Ernest Cline,4.29,651157,13.241
18300212,The Trigger: Hunting the Assassin Who Brought the World to War,Tim Butcher,4.11,937,12.925
40191332,ساعت‌ها,Behrouz Hosseini,4.68,197,12.900
10847,Under the Banner of Heaven: A Story of Violent Faith,Jon Krakauer,3.99,135858,12.810
25460,"Animal, Vegetable, Miracle: A Year of Food Life",Barbara Kingsolver,4.04,91467,12.612
6493208,The Immortal Life of Henrietta Lacks,Rebecca Skloot,4.05,477319,12.498
113436,Eragon,Christopher Paolini,3.88,1247443,11.934
80660,We Need to Talk About Kevin,Lionel Shriver,4.08,132366,11.653
3431,The Five People You Meet in Heaven,Mitch Albom,3.91,504130,11.394
3679,On Beauty,Zadie Smith,3.71,56071,11.378
17333223,The Goldfinch,Donna Tartt,3.89,542819,11.221
67,The Known World,Edward P. Jones,3.83,31715,11.139
5064,World Without End,Ken Follett,4.25,165047,10.776
10664113,A Dance with Dragons,George R.R. Martin,4.32,473719,10.752
7905092,Freedom,Jonathan Franzen,3.74,139456,10.702
7940583,Chasing the Devil: The Search for Africa's Fighting Spirit,Tim Butcher,4.09,1356,10.682
4965,Year of Wonders,Geraldine Brooks,4.00,117518,10.426
17061,Coraline,Neil Gaiman,4.04,395906,10.385
3236307,Graceling,Kristin Cashore,4.09,333400,10.366
4556058,The Last Olympian,Rick Riordan,4.50,556054,10.318
18007564,The Martian,Andy Weir,4.40,631096,10.189
7822895,The Millennium Trilogy,Stieg Larsson,4.47,41550,9.839
6186357,The Maze Runner,James Dashner,4.03,864876,9.664
29844228,Thirteen Reasons Why,Jay Asher,3.98,659525,9.509
2967752,The Elegance of the Hedgehog,Muriel Barbery,3.75,129729,9.484
13497,A Feast for Crows,George R.R. Martin,4.12,534061,9.444
28186,The Sea of Monsters,Rick Riordan,4.24,616174,9.342
110737,Seabiscuit: An American Legend,Laura Hillenbrand,4.21,126776,9.287
2802316,Shadow Kiss,Richelle Mead,4.37,303901,9.143
8908,World War Z: An Oral History of the Zombie War,Max Brooks,4.01,375087,9.004
33600,Shantaram,Gregory David Roberts,4.27,129836,8.927
2282133,Frostbite,Richelle Mead,4.29,284354,8.832
2318271,The Last Lecture,Randy Pausch,4.26,269756,8.754
561456,The Titan's Curse,Rick Riordan,4.34,565780,8.731
63032,2666,Roberto Bolaño,4.21,25434,8.512
7603,Reading Lolita in Tehran: A Memoir in Books,Azar Nafisi,3.59,105424,8.370
6411961,The Lost Symbol,Dan Brown,3.68,451533,8.346
1736739,Olive Kitteridge,Elizabeth Strout,3.80,123582,8.332
2120932,The Battle of the Labyrinth,Rick Riordan,4.39,594535,8.070
6752378,City of Fallen Angels,Cassandra Clare,4.15,412698,7.766
703,The Plot Against America,Philip Roth,3.74,34014,7.757
3950967,The Tales of Beedle the Bard,J.K. Rowling,4.07,351349,7.744
6339664,"Hush, Hush",Becca Fitzpatrick,3.99,505281,7.736
301082,Dead Until Dark,Charlaine Harris,3.96,467021,7.689
5996153,Blood Promise,Richelle Mead,4.35,257374,7.656
227571,Peace Like a River,Leif Enger,3.99,66578,7.607
24770,Uglies,Scott Westerfeld,3.86,504840,7.590
17347634,Me Before You,Jojo Moyes,4.26,876928,7.544
1869,Nickel and Dimed: On (Not) Getting by in America,Barbara Ehrenreich,3.61,165295,7.504
7331435,A Visit from the Goon Squad,Jennifer Egan,3.65,155500,7.410
5941033,Let the Great World Spin,Colum McCann,3.94,84199,7.334
242006,Running with Scissors,Augusten Burroughs,3.71,323418,7.169
9460487,Miss Peregrine's Home for Peculiar Children,Ransom Riggs,3.90,807202,7.105
6101138,Wolf Hall,Hilary Mantel,3.86,131812,7.030
16703,The Yiddish Policemen's Union,Michael Chabon,3.70,56253,6.994
28194,Inkheart,Cornelia Funke,3.87,320784,6.890
9673436,The Invention of Hugo Cabret,Brian Selznick,4.23,146110,6.842
10357575,1Q84,Haruki Murakami,3.90,161316,6.743
3367956,Hotel on the Corner of Bitter and Sweet,Jamie Ford,4.00,232709,6.655
15783514,The Ocean at the End of the Lane,Neil Gaiman,3.99,392411,6.598
6690798,The Passage,Justin Cronin,4.04,159974,6.569
27003,The Eyre Affair,Jasper Fforde,3.91,102229,6.357
21686,Shutter Island,Dennis Lehane,4.09,136901,6.316
14316,Black Swan Green,David Mitchell,3.98,32132,6.299
6948436,Little Bee,Chris Cleave,3.71,210185,6.270
3407877,The Forgotten Garden,Kate Morton,4.13,170027,6.236
7736182,The Lost Hero,Rick Riordan,4.35,535864,6.233
6479259,Spirit Bound,Richelle Mead,4.36,245465,6.210
21671,Mystic River,Dennis Lehane,4.19,107652,6.114
1097,Fast Food Nation: The Dark Side of the All-American Meal,Eric Schlosser,3.74,190747,6.081
6280118,One Day,David Nicholls,3.78,262144,5.882
11614718,Delirium,Lauren Oliver,3.99,384061,5.874
45162,Fingersmith,Sarah Waters,4.02,63829,5.817
18749,Half of a Yellow Sun,Chimamanda Ngozi Adichie,4.30,72228,5.792
10818853,Fifty Shades of Grey,E.L. James,3.66,1611157,5.729
5015,Saturday,Ian McEwan,3.63,54217,5.710
6801755,Flow Down Like Silver: Hypatia of Alexandria,Ki Longfellow,4.44,2013,5.678
43944,Suite Française,Irène Némirovsky,3.83,53959,5.657
10025305,Clockwork Prince,Cassandra Clare,4.45,381987,5.594
17159076,High in School,Salman Aditya,4.38,167,5.500
943402,Let the Right One In,John Ajvide Lindqvist,4.07,75030,5.386
7735333,Matched,Ally Condie,3.67,582397,5.365
6080337,The Year of the Flood,Margaret Atwood,4.06,88294,5.282
9838,The Bookseller of Kabul,Åsne Seierstad,3.76,37009,5.162
1215032,The Wise Man's Fear,Patrick Rothfuss,4.58,335081,5.123
11691,Snow,Orhan Pamuk,3.57,33579,5.075
32145,Stiff: The Curious Lives of Human Cadavers,Mary Roach,4.05,145142,5.007
14995,Odd Thomas,Dean Koontz,3.95,226707,5.006
2199,Team of Rivals: The Political Genius of Abraham Lincoln,Doris Kearns Goodwin,4.28,125925,4.904
599,"Sex, Drugs, and Cocoa Puffs: A Low Culture Manifesto",Chuck Klosterman,3.75,60311,4.890
21878763,Possession of My Soul,Kia Carrington-Russell,3.85,150,4.885
3682,A Great and Terrible Beauty,Libba Bray,3.79,191527,4.813
8667848,A Discovery of Witches,Deborah Harkness,3.99,282226,4.754
5526,Dear John,Nicholas Sparks,4.02,491633,4.675
6320534,Under the Dome,Stephen King,3.90,224067,4.662
6527740,Last Sacrifice,Richelle Mead,4.41,240120,4.635
40200,The Crimson Petal and the White,Michel Faber,3.88,33200,4.599
22557272,The Girl on the Train,Paula Hawkins,3.90,1581716,4.548
97782,Then We Came to the End,Joshua Ferris,3.46,29894,4.527
18710190,Allegiant,Veronica Roth,3.63,722969,4.516
4374400,If I Stay,Gayle Forman,3.95,635006,4.464
45978,Eldest,Christopher Paolini,3.97,298085,4.433
8755776,City of Lost Souls,Cassandra Clare,4.29,362871,4.404
68428,The Final Empire,Brandon Sanderson,4.44,288820,4.356
3110,Assassination Vacation,Sarah Vowell,3.97,36665,4.351
6487308,Fallen,Lauren Kate,3.73,438830,4.314
3086160,The Hour I First Believed,Wally Lamb,3.81,52925,4.263
2800905,The Summoning,Kelley Armstrong,4.03,144810,4.217
18335634,Clockwork Princess,Cassandra Clare,4.59,278388,4.187
2595138,The Gargoyle,Andrew Davidson,3.97,40081,4.181
37190,The Tale of Despereaux,Kate DiCamillo,4.02,138294,4.178
6068551,Shiver,Maggie Stiefvater,3.77,395480,4.147
6442769,Paper Towns,John Green,3.85,738015,4.131
6433752,The Lacuna,Barbara Kingsolver,3.78,53264,4.104
3273,Moloka'i,Alan Brennert,4.16,89000,4.090
11387515,Wonder,R.J. Palacio,4.45,544541,4.059
3257136,Dewey: The Small-Town Library Cat Who Touched the World,Vicki Myron,3.87,46564,4.031
775346,The Little Friend,Donna Tartt,3.44,39152,4.023
43015,A Long Way Gone: Memoirs of a Boy Soldier,Ishmael Beah,4.15,142974,4.011
7896527,Throne of Glass,Sarah J. Maas,4.22,428646,3.995
228333,The Nanny Diaries,Emma McLaughlin,3.41,342259,3.857
7747374,I Am Number Four,Pittacus Lore,3.94,290362,3.829
366522,P.S. I Love You,Cecelia Ahern,4.01,307344,3.781
140077,Dead to the World,Charlaine Harris,4.14,226966,3.780
6304335,Beautiful Creatures,Kami Garcia,3.76,494281,3.735
11711,Vernon God Little,D.B.C. Pierre,3.59,25963,3.731
237209,In the Woods,Tana French,3.76,239482,3.686
13507212,Bring Up the Bodies,Hilary Mantel,4.27,56475,3.684
11235712,Cinder,Marissa Meyer,4.15,551392,3.683
976,Deception Point,Dan Brown,3.69,527979,3.646
2153405,Still Alice,Lisa Genova,4.31,265296,3.598
398323,Out Stealing Horses,Per Petterson,3.80,24882,3.579
611298,I Am America,Stephen Colbert,3.91,75188,3.533
8490112,Daughter of Smoke and Bone,Laini Taylor,4.03,263891,3.498
16243767,Crossing the Seas: A Diary of My Thoughts,Yuehai Xiao,4.44,107,3.482
11857408,Fifty Shades Darker,E.L. James,3.86,661597,3.461
315425,In Defense of Food: An Eater's Manifesto,Michael Pollan,4.08,92320,3.404
10746542,The Sense of an Ending,Julian Barnes,3.71,128009,3.378
28078,The Birth of Venus,Sarah Dunant,3.80,86800,3.351
1971304,City of Thieves,David Benioff,4.29,91235,3.349
898885,Loving Frank,Nancy Horan,3.75,83151,3.345
13529,March,Geraldine Brooks,3.75,49251,3.342
452306,The Sisterhood of the Traveling Pants,Ann Brashares,3.77,570946,3.324
526764,Dreams of the Ringed Vale,Robert Fanney,3.99,875,3.278
15796700,Americanah,Chimamanda Ngozi Adichie,4.29,176848,3.242
88442,Austerlitz,W.G. Sebald,4.04,11380,3.220
475,Collapse: How Societies Choose to Fail or Succeed,Jared Diamond,3.92,50699,3.201
5960325,Shanghai Girls,Lisa See,3.89,123892,3.200
12127750,The Mark of Athena,Rick Riordan,4.45,381363,3.159
13486632,The Hundred-Year-Old Man Who Climbed Out of the Window and Disappeared,Jonas Jonasson,3.82,165959,3.151
10967,The Fiery Cross,Diana Gabaldon,4.26,137140,3.106
104189,"Same Kind of Different as Me: A Modern-Day Slave, an International Art Dealer, and the Unlikely Woman Who Bound Them Together",Ron Hall,4.22,68128,3.092
69136,The Book of Lost Things,John Connolly,3.99,55842,3.085
7141642,The Thousand Autumns of Jacob de Zoet,David Mitchell,4.03,46179,3.063
21853621,The Nightingale,Kristin Hannah,4.56,447346,3.035
9520360,The Son of Neptune,Rick Riordan,4.44,352547,3.017
1067,1776,David McCullough,4.06,159941,2.925
33456,A Dirty Job,Christopher Moore,4.08,92722,2.909
29059,Choke,Chuck Palahniuk,3.70,172299,2.902
2118745,The Knife of Never Letting Go,Patrick Ness,3.97,128189,2.839
10965,A Breath of Snow and Ashes,Diana Gabaldon,4.43,116290,2.834
29501,"The End of Faith: Religion, Terror, and the Future of Reason",Sam Harris,3.93,29395,2.827
25179,Blankets,Craig Thompson,4.06,80336,2.823
42899,Dark Lover,J.R. Ward,4.21,258301,2.771
11918,Bitten,Kelley Armstrong,4.05,83357,2.770
5196764,The Angel's Game,Carlos Ruiz Zafón,3.89,87594,2.752
17780,In the Heart of the Sea: The Tragedy of the Whaleship Essex,Nathaniel Philbrick,4.15,69794,2.731
15745753,Eleanor and Park,Rainbow Rowell,4.09,697793,2.709
7090447,The Red Pyramid,Rick Riordan,4.08,272152,2.706
6482837,Before I Fall,Lauren Oliver,3.91,265011,2.705
11187932,Blood and Spirits,Dennis Sharpe,3.99,143,2.684
26004546,Lips of a Mastodon,Ted Bernal Guevara,4.52,42,2.600
7235533,The Way of Kings,Brandon Sanderson,4.65,210747,2.577
43933,Tell No One,Harlan Coben,4.11,96115,2.570
2248573,Brisingr,Christopher Paolini,4.04,250227,2.532
693208,The Absolutely True Diary of a Part-Time Indian,Sherman Alexie,4.11,195325,2.519
7673244,Carnal: Somewhere Over 40 Winks,Rom LcO&#39;Feer,3.65,92,2.500
23291161,Possession of My Heart,Kia Carrington-Russell,4.19,59,2.494
2845024,Anathem,Neal Stephenson,4.18,54497,2.487
13747,"Julie and Julia: 365 Days, 524 Recipes, 1 Tiny Apartment Kitchen",Julie Powell,3.70,141055,2.484
10567,Cell,Stephen King,3.65,169683,2.482
11324204,Houdini Heart,Ki Longfellow,4.23,1826,2.480
6751,Consider the Lobster and Other Essays,David Foster Wallace,4.25,33517,2.478
6400090,The Last Song,Nicholas Sparks,4.14,470840,2.434
15790842,Life After Life,Kate Atkinson,3.75,173782,2.426
11570,Dreamcatcher,Stephen King,3.61,135275,2.409
110494,Living Dead in Dallas,Charlaine Harris,3.97,218382,2.396
16068905,Fangirl,Rainbow Rowell,4.10,455543,2.388
11529868,The Orphan Master's Son,Adam Johnson,4.07,74558,2.369
13497818,The Casual Vacancy,J.K. Rowling,3.29,275105,2.366
71811,Moon Called,Patricia Briggs,4.18,150735,2.347
140082,Club Dead,Charlaine Harris,4.03,204633,2.344
9850443,The Sisters Brothers,Patrick deWitt,3.84,67301,2.340
7494,Suzanne's Diary for Nicholas,James Patterson,4.16,130233,2.334
23316548,The Book of Negroes,Lawrence Hill,4.45,62661,2.318
60510,Poison Study,Maria V. Snyder,4.15,120542,2.311
9275658,Legend,Marie Lu,4.18,360760,2.294
16115612,And the Mountains Echoed,Khaled Hosseini,4.04,256769,2.290
6001011,Rooftops of Tehran,Mahbod Seraji,4.04,6323,2.275
1609451,Change of Heart,Jodi Picoult,3.92,96970,2.274
16788,Fragile Things: Short Fictions and Wonders,Neil Gaiman,4.01,50589,2.268
138685,Dissolution,C.J. Sansom,4.08,31642,2.250
13227454,The Unlikely Pilgrimage of Harold Fry,Rachel Joyce,3.90,129356,2.242
6447501,Explosion in Paris,Linda Masemore Pirrung,4.11,332,2.238
13536860,Fifty Shades Freed,E.L. James,3.87,642190,2.235
3975774,Evermore,Alyson Noel,3.59,247081,2.220
815309,On Chesil Beach,Ian McEwan,3.57,60722,2.218
41899,Fantastic Beasts and Where to Find Them,Newt Scamander,3.98,261707,2.214
6837103,The Kitchen House,Kathleen Grissom,4.19,201933,2.156
221059,JPod,Douglas Coupland,3.71,16105,2.155
9742,The Audacity of Hope: Thoughts on Reclaiming the American Dream,Barack Obama,3.72,122352,2.134
7091488,Dead in the Family,Charlaine Harris,3.89,143428,2.118
79790,Magical Thinking: True Stories,Augusten Burroughs,3.97,48978,2.117
33724,Can You Keep a Secret?,Sophie Kinsella,3.84,329448,2.112
20388847,The Book of Occult,Simon W. Clark,3.91,217,2.099
409,Against the Day,Thomas Pynchon,4.12,5840,2.091
49465,Those Who Save Us,Jenna Blum,4.13,84933,2.090
10507293,The Selection,Kiera Cass,4.14,675402,2.090
3466,The Wedding,Nicholas Sparks,3.98,130102,2.082
6411016,Matterhorn,Karl Marlantes,4.24,31623,2.077
3656,The Sea,John Banville,3.50,20952,2.061
227593,Three Junes,Julia Glass,3.56,38602,2.048
2832909,An Echo in the Bone,Diana Gabaldon,4.43,97778,2.036
140075,All Together Dead,Charlaine Harris,4.05,179212,2.035
8366402,The Tiger's Wife,Téa Obreht,3.38,79790,2.034
2233407,From Dead to Worse,Charlaine Harris,4.01,167162,2.028
1301,Moneyball: The Art of Winning an Unfair Game,Michael   Lewis,4.25,80569,2.024
6654313,Linger,Maggie Stiefvater,3.91,140064,2.013
11250317,The Song of Achilles,Madeline Miller,4.31,94236,2.003
20483100,Wildalone,Krassi Zourkova,3.27,1768,2.000
4909,Teacher Man,Frank McCourt,3.74,27950,1.999
86643,Mistress of the Art of Death,Ariana Franklin,3.95,30857,1.994
5360,A Painted House,John Grisham,3.68,69163,1.981
9799,The Fortress of Solitude,Jonathan Lethem,3.87,19432,1.964
8755785,City of Heavenly Fire,Cassandra Clare,4.47,235297,1.956
47989,Night Watch,Terry Pratchett,4.48,85450,1.953
10054335,Rules of Civility,Amor Towles,4.02,109695,1.942
1911,The World Is Flat: A Brief History of the Twenty-first Century,Thomas L. Friedman,3.67,90443,1.922
16059,The Dive From Clausen's Pier,Ann Packer,3.42,20436,1.915
28700,Falling Man,Don DeLillo,3.21,11301,1.913
8520610,Quiet: The Power of Introverts in a World That Can't Stop Talking,Susan Cain,4.05,252109,1.904
3755250,The Kindly Ones,Jonathan Littell,4.05,6873,1.904
22822858,A Little Life,Hanya Yanagihara,4.29,125254,1.877
30183,Marked,P.C. Cast,3.79,395164,1.867
16181775,The Rosie Project,Graeme Simsion,4.01,359385,1.866
341879,Just Kids,Patti Smith,4.13,142383,1.863
19057,I Am the Messenger,Markus Zusak,4.08,116637,1.863
7315573,Fall of Giants,Ken Follett,4.27,219153,1.827
11250053,The Snow Child,Eowyn Ivey,3.96,98106,1.826
764347,Unwind,Neal Shusterman,4.18,168805,1.821
112750,Darkfever,Karen Marie Moning,4.12,136464,1.819
32370,Dry,Augusten Burroughs,4.02,77900,1.812
17851885,I Am Malala: The Story of the Girl Who Stood Up for Education and Was Shot by the Taliban,Malala Yousafzai,4.09,302218,1.811
6135237,South of Broad,Pat Conroy,3.80,36904,1.807
144977,The Tender Bar,J.R. Moehringer,3.95,26873,1.805
107821,Bridge of Sighs,Richard Russo,3.80,19412,1.804
676924,Betrayed,P.C. Cast,3.92,220189,1.804
6468666,The Reckoning,Kelley Armstrong,4.21,101928,1.796
7791997,Crescendo,Becca Fitzpatrick,4.06,248842,1.795
21326,"Fables, Vol. 1: Legends in Exile",Bill Willingham,3.97,117541,1.790
4820,"Mayflower: A Story of Courage, Community, and War",Nathaniel Philbrick,3.86,30708,1.770
88815,The Reluctant Fundamentalist,Mohsin Hamid,3.70,48493,1.759
18045891,Sharp Objects,Gillian Flynn,3.94,463558,1.756
8709527,Bloodlines,Richelle Mead,4.21,155394,1.748
5933841,Inherent Vice,Thomas Pynchon,3.73,23274,1.748
13453029,Wool Omnibus,Hugh Howey,4.23,137342,1.742
305234,Wicked Lovely,Melissa Marr,3.69,141223,1.741
24768,Pretties,Scott Westerfeld,3.85,215035,1.721
5886881,Dark Places,Gillian Flynn,3.93,456333,1.709
7849341,Tiger's Voyage,Colleen Houck,4.34,28909,1.703
7631105,The Scorch Trials,James Dashner,3.93,384759,1.700
29395568,Exotic Neurotic,Kenneth Jarrett Singleton,4.43,303,1.700
40937505,زندگی مه آلود پریا,سید مرتضی مصطفوی,3.99,981,1.699
127455,The Lies of Locke Lamora,Scott Lynch,4.30,166474,1.697
16240980,Why She Left Us,David Dennis,4.05,152,1.697
9938498,"In the Garden of Beasts: Love, Terror, and an American Family in Hitler's Berlin",Erik Larson,3.82,135320,1.692
140079,Definitely Dead,Charlaine Harris,4.02,178836,1.688
111450,Quidditch Through the Ages,Kennilworthy Whisp,3.86,118525,1.671
2866718,Untamed,P.C. Cast,3.95,204089,1.660
9067850,The Throne of Fire,Rick Riordan,4.21,136232,1.657
5161066,Dead and Gone,Charlaine Harris,4.01,162500,1.645
4134071,Hunted,P.C. Cast,3.93,152938,1.637
17212231,Inferno,Dan Brown,3.82,396815,1.633
7740152,Torment,Lauren Kate,3.88,193843,1.632
17167166,Crown of Midnight,Sarah J. Maas,4.47,237252,1.628
14748,Good in Bed,Jennifer Weiner,3.71,265173,1.619
3228917,Outliers: The Story of Success,Malcolm Gladwell,4.12,412618,1.614
51738,Just Listen,Sarah Dessen,4.06,219290,1.611
16101128,The 5th Wave,Rick Yancey,4.08,335151,1.609
11084145,Steve Jobs,Walter Isaacson,4.11,742383,1.606
6065215,The Strain,Guillermo del Toro,3.78,72084,1.595
170210,Dead as a Doornail,Charlaine Harris,4.01,185295,1.583
24724,Drop City,T. Coraghessan Boyle,3.85,10658,1.580
2475251,The Cellist of Sarajevo,Steven Galloway,4.02,27036,1.569
12262741,Wild: From Lost to Found on the Pacific Crest Trail,Cheryl Strayed,3.98,494985,1.554
139087,The Line of Beauty,Alan Hollinghurst,3.72,19625,1.546
6597651,The Windup Girl,Paolo Bacigalupi,3.75,56223,1.540
6280379,The Children's Book,A.S. Byatt,3.67,13463,1.539
8709523,The Golden Lily,Richelle Mead,4.36,96760,1.532
12127810,The House of Hades,Rick Riordan,4.55,207161,1.526
81227,Infidel,Ayaan Hirsi Ali,4.21,68385,1.521
13538873,Mr. Penumbra's 24-Hour Bookstore,Robin Sloan,3.75,148388,1.519
17904495,Curse of The Salute,Anastacia Moore,4.41,37,1.500
1421990,Halfway to the Grave,Jeaniene Frost,4.18,122680,1.496
112525,Winter's Bone,Daniel Woodrell,3.92,25552,1.495
43931,The Woods,Harlan Coben,4.04,56127,1.494
271074,Tree of Smoke,Denis Johnson,3.59,8739,1.488
315340,The Tenderness of Wolves,Stef Penney,3.75,10258,1.480
3018539,Death with Interruptions,José Saramago,3.98,26904,1.462
10235,"Mountains Beyond Mountains: The Quest of Dr. Paul Farmer, a Man Who Would Cure the World",Tracy Kidder,4.21,61034,1.462
42156,Something Borrowed,Emily Giffin,3.84,464658,1.459
3165162,Percy Jackson and the Olympians,Rick Riordan,4.58,36079,1.435
36086,"The Ghost Map: The Story of London's Most Terrifying Epidemic - and How It Changed Science, Cities, and the Modern World",Steven Johnson,3.90,31560,1.414
6101718,The Magicians,Lev Grossman,3.50,193424,1.411
8652190,Awakened,P.C. Cast,4.02,114967,1.410
20170404,Station Eleven,Emily St. John Mandel,4.03,233499,1.410
17333230,The Luminaries,Eleanor Catton,3.71,54347,1.397
14058818,Life... Love... Kumbh...,Aporva Kala,4.10,153,1.395
1158967,Garden Spells,Sarah Addison Allen,4.07,77027,1.387
46190,Love Is a Mix Tape,Rob Sheffield,3.83,26671,1.378
13158800,The Light Between Oceans,M.L. Stedman,4.01,338941,1.359
74462,Unless,Carol Shields,3.63,11734,1.348
249747,Artemis Fowl,Eoin Colfer,3.83,432243,1.347
15926,Nights in Rodanthe,Nicholas Sparks,3.83,143697,1.342
8683812,The Paris Wife,Paula McLain,3.80,230398,1.336
823,Quicksilver,Neal Stephenson,3.92,32871,1.335
231,I am Charlotte Simmons,Tom Wolfe,3.41,22782,1.329
20613470,Heir of Fire,Sarah J. Maas,4.51,189262,1.320
10929,For One More Day,Mitch Albom,4.09,113272,1.319
16243,Case Histories,Kate Atkinson,3.82,66339,1.315
10996342,The Art of Fielding,Chad Harbach,3.99,95502,1.305
179064,The Goose Girl,Shannon Hale,4.18,102217,1.301
22842297,The Bridge To Caracas,Stephen Douglass,4.14,294,1.293
144800,The Raw Shark Texts,Steven Hall,3.87,14942,1.292
22320,Pattern Recognition,William Gibson,3.87,40253,1.291
16457950,The Chronicle of Sapta Sindhu,Aporva Kala,4.03,135,1.288
51964,Old Man's War,John Scalzi,4.23,128818,1.282
7812659,Safe Haven,Nicholas Sparks,4.20,301132,1.275
12868761,Let's Pretend This Never Happened: A Mostly True Memoir,Jenny  Lawson,3.90,142481,1.272
3657138,Fade,Lisa McMann,3.95,46520,1.271
6366437,Half Broke Horses,Jeannette Walls,4.06,128773,1.271
543873,Mister Pip,Lloyd Jones,3.67,16085,1.270
5084,My Life in France,Julia Child,4.17,71736,1.270
248704,It's Kind of a Funny Story,Ned Vizzini,4.13,187124,1.269
7912007,"Full Dark, No Stars",Stephen King,4.05,78758,1.253
6424,Seven Up,Janet Evanovich,4.16,104455,1.250
9409458,Forever,Maggie Stiefvater,3.91,97291,1.250
6917952,Burned,P.C. Cast,3.98,134042,1.250
213753,Life As We Knew It,Susan Beth Pfeffer,3.89,105096,1.246
153008,Kushiel's Dart,Jacqueline Carey,4.04,62441,1.246
147848,Star of the Sea,Joseph O&#39;Connor,3.98,5826,1.238
852470,"I'd Tell You I Love You, But Then I'd Have to Kill You",Ally Carter,3.82,164991,1.237
12578077,Obsidian,Jennifer L. Armentrout,4.21,194977,1.227
11447921,Beautiful Ruins,Jess Walter,3.68,140900,1.221
18079776,The Invention of Wings,Sue Monk Kidd,4.23,222156,1.212
40331,To the Nines,Janet Evanovich,4.16,98844,1.207
26889576,The Big Short: Inside the Doomsday Machine,Michael   Lewis,4.27,114098,1.204
3009435,A Mercy,Toni Morrison,3.67,17610,1.200
22500587,Aegis Rising,S.S. Segran,3.85,431,1.198
7124095,Gone,Lisa McMann,3.72,27133,1.197
22404103,Phantom Wolf,Kia Carrington-Russell,4.15,91,1.195
5091,The Dark Tower,Stephen King,4.28,121282,1.194
4703581,The City and the City,China Miéville,3.91,43260,1.194
23258641,Van Laven Chronicles: Throne of Novoxos,Tyler Chase,4.36,309,1.193
1951125,The Lace Reader,Brunonia Barry,3.47,26004,1.191
25584847,The Night Watch,Sarah Waters,3.68,20739,1.191
6617928,Saving CeeCee Honeycutt,Beth Hoffman,3.93,71043,1.190
16160314,Trust: A New Beginning,Cristiane Serruya,3.91,621,1.190
1412138,Iron Kissed,Patricia Briggs,4.36,95786,1.181
7362158,Girl in Translation,Jean Kwok,3.97,40915,1.181
9369720,Passion,Lauren Kate,3.89,134038,1.181
4502877,Midnight Sun,Stephenie Meyer,4.02,141450,1.172
2719,The Book of Salt,Monique Truong,3.50,4321,1.170
11505797,Beautiful Disaster,Jamie McGuire,4.13,483905,1.170
6820,number9dream,David Mitchell,3.91,18193,1.166
6425,Hard Eight,Janet Evanovich,4.17,103190,1.166
77160,Across the Nightingale Floor,Lian Hearn,4.06,31725,1.165
8617107,The Sacred Band,Janet E. Morris,4.49,290,1.165
138684,Sovereign,C.J. Sansom,4.28,16777,1.164
47624,Lirael,Garth Nix,4.29,94772,1.161
202769,In the Night Garden,Catherynne M. Valente,4.13,6003,1.143
16435,Life Expectancy,Dean Koontz,3.99,28015,1.142
17402605,The Alchemyst,Michael Scott,3.84,124254,1.139
15812814,Crossed,Ally Condie,3.52,192627,1.122
7992363,HHhH,Laurent Binet,4.08,14703,1.119
43603,The People of Paper,Salvador Plascencia,4.09,4389,1.118
24914,The March,E.L. Doctorow,3.80,9067,1.117
6749,Oblivion,David Foster Wallace,4.07,11047,1.117
472343,Duma Key,Stephen King,3.94,87835,1.113
3974,The Terror,Dan Simmons,4.04,31337,1.110
11408650,The Unbecoming of Mara Dyer,Michelle Hodkin,4.08,140541,1.107
40173,"Are You There, Vodka? It's Me, Chelsea",Chelsea Handler,3.85,142151,1.104
12279098,The God Complex,Chris Titus,3.50,225,1.100
18334644,Meeting With Christ and Other Poems,Deepak Chaswal,4.59,80,1.100
1914973,The Likeness,Tana French,4.05,94161,1.099
16069963,Curiosity kills the KatHA,Ashok  Kallarakkal,3.72,71,1.099
9517,Persepolis 2: The Story of a Return,Marjane Satrapi,4.24,54029,1.095
125502,What I Loved,Siri Hustvedt,4.04,12838,1.090
13376,The House of the Scorpion,Nancy Farmer,4.10,70164,1.086
9593911,Pandemonium,Lauren Oliver,4.06,202270,1.080
3063499,The Lucky One,Nicholas Sparks,4.11,302933,1.074
6260997,Half the Sky: Turning Oppression Into Opportunity for Women Worldwide,Nicholas D. Kristof,4.30,45697,1.069
16130549,Doctor Sleep,Stephen King,4.10,134157,1.065
37186,The Miraculous Journey of Edward Tulane,Kate DiCamillo,4.36,64804,1.065
2017056,Skeletons at the Feast,Chris Bohjalian,4.00,22109,1.061
5139,The Devil Wears Prada,Lauren Weisberger,3.72,729578,1.061
5391115,The Awakening,Kelley Armstrong,4.15,102211,1.060
3398625,The Lost City of Z: A Tale of Deadly Obsession in the Amazon,David Grann,3.86,60822,1.055
5126859,The Girl Who Chased the Moon,Sarah Addison Allen,3.97,49776,1.055
15811545,A Tale for the Time Being,Ruth Ozeki,3.99,68697,1.044
24472,Peony in Love,Lisa See,3.60,39522,1.043
9265453,Embassytown,China Miéville,3.87,23257,1.035
9443405,The Pale King,David Foster Wallace,3.95,13489,1.030
13152,The Angel Experiment,James Patterson,4.08,194301,1.019
44001,Small Island,Andrea Levy,3.91,22084,1.013
139220,"Heat: An Amateur's Adventures as Kitchen Slave, Line Cook, Pasta-Maker, and Apprentice to a Dante-Quoting Butcher in Tuscany",Bill Buford,3.89,21184,1.010
7274337,The Invisible Bridge,Julie Orringer,4.19,43788,1.006
17157,Marie Antoinette: The Journey,Antonia Fraser,3.92,27891,1.005
35729,Lover Eternal,J.R. Ward,4.35,160415,1.005
4836308,The Physick Book of Deliverance Dane,Katherine Howe,3.70,47517,1.004
30264,Dead Witch Walking,Kim Harrison,4.04,102514,1.003
16200,Ella Minnow Pea: A Novel in Letters,Mark Dunn,3.84,24228,1.001
16165500,Arielle: Immortal Awakening,Lilian Roberts,3.69,367,1.000
112286,The Lost: A Search for Six of Six Million,Daniel Mendelsohn,4.07,4678,997
5726135,View Points and Points of View: A 'Phoetry Book' from Cornwall,Clive Blake,4.03,40,997
285205,Blood Bound,Patricia Briggs,4.31,99179,995
7896345,The Gathering,Kelley Armstrong,4.03,54145,994
19405702,Walks Away Woman,Ki Longfellow,4.31,833,994
5861011,Vashua's Messenger,Julie Rollins,4.42,43,992
17454163,Trust: Betrayed,Cristiane Serruya,4.17,266,990
3686,Truth and Beauty,Ann Patchett,3.94,31417,984
23506296,Why Not-World,Alexei Maxim Russell,4.04,49,980
13137,1st to Die,James Patterson,4.07,263937,977
823411,Three Day Road,Joseph Boyden,4.31,18150,977
13839,The Botany of Desire: A Plant's-Eye View of the World,Michael Pollan,4.06,41056,973
18774964,A Man Called Ove,Fredrik Backman,4.35,376880,967
6001758,Fire,Kristin Cashore,4.12,145452,965
10566,Lisey's Story,Stephen King,3.66,60411,963
16130,Alexander Hamilton,Ron Chernow,4.23,79519,962
597790,The Children of Húrin,J.R.R. Tolkien,3.96,54533,955
7664041,Inheritance,Christopher Paolini,4.09,181315,954
2355575,Cry Wolf,Patricia Briggs,4.12,77240,952
86525,Master of the Senate,Robert A. Caro,4.43,12986,950
35066358,The First Fifteen Lives of Harry August,Claire North,4.04,47490,950
2536134,Gone,Michael  Grant,3.86,165472,948
1295102,Lock and Key,Sarah Dessen,4.01,133920,948
6585201,Changes,Jim Butcher,4.54,81434,945
454856,Look Me in the Eye: My Life with Asperger's,John Elder Robison,3.91,55315,945
3720975,Handle with Care,Jodi Picoult,3.97,102740,943
25489625,Between the World and Me,Ta-Nehisi Coates,4.40,140301,942
2161733,Child 44,Tom Rob Smith,4.09,62279,941
15717943,Hopeless,Colleen Hoover,4.32,231270,941
6050678,Leviathan,Scott Westerfeld,3.91,79089,936
6613956,The Solitude of Prime Numbers,Paolo Giordano,3.59,40117,936
16249,Angry Housewives Eating Bon Bons,Lorna Landvik,3.79,32075,928
8492825,Where She Went,Gayle Forman,4.04,236506,928
10194157,Shadow and Bone,Leigh Bardugo,4.05,193254,928
85990,Princess Academy,Shannon Hale,4.02,92570,922
9118135,State of Wonder,Ann Patchett,3.86,148934,916
9418327,Bossypants,Tina Fey,3.95,706890,915
6381205,Soulless,Gail Carriger,3.91,85218,903
14567915,Dead Wrong: Straight Facts on the Country's Most Controversial Cover-Ups,Richard Belzer,3.68,475,900
18210693,Walking On Air,Catherine Anderson,4.16,1346,900
34115342,"TIME TRAVEL EXPERIENCES: In a Sense, we all are Time Travelers! We are surviving each and every Active Time-Point in this Timeline.......",Aldrin Mathew,4.91,34,900
252499,The Queen's Fool,Philippa Gregory,3.84,82982,897
15858303,The Valley of Unknowing,Philip Sington,3.83,304,897
95186,The Inheritance of Loss,Kiran Desai,3.42,43427,889
56495,The Purpose Driven Life: What on Earth Am I Here for?,Rick Warren,3.91,199170,885
8104722,Blackwell's Wrath,Julie Rollins,4.38,37,884
138683,Dark Fire,C.J. Sansom,4.25,17480,882
15719,Marvel 1602,Neil Gaiman,3.93,50546,881
12262889,Trueman Bradley - Aspie Detective,Alexei Maxim Russell,4.40,47,880
118944,American Born Chinese,Gene Luen Yang,3.88,59242,878
23535198,Instruction Manual for the 21st Century Samurai,Alexei Maxim Russell,3.76,76,877
25668970,Speedy Reads,Chris-Jean Clarke,4.79,29,877
1377172,Diary of a Bad Year,J.M. Coetzee,3.61,4470,872
49750,An Abundance of Katherines,John Green,3.60,390882,871
15972,The Gravedigger's Daughter,Joyce Carol Oates,3.54,8760,869
7933292,Heaven is for Real: A Little Boy's Astounding Story of His Trip to Heaven and Back,Todd Burpo,4.01,248510,869
22285,Rant,Chuck Palahniuk,3.82,56143,867
16248068,The Elite,Kiera Cass,4.02,318591,856
9417,Shopaholic and Sister,Sophie Kinsella,3.65,78159,855
5287473,Hex Hall,Rachel Hawkins,3.96,121266,855
3128411,Bone Crossed,Patricia Briggs,4.34,85935,855
8171378,The Warmth of Other Suns: The Epic Story of America's Great Migration,Isabel Wilkerson,4.34,41530,848
13539044,The Silver Linings Playbook,Matthew Quick,4.00,137703,848
16160797,The Cuckoo's Calling,Robert Galbraith,3.85,399038,844
18293427,The Storied Life of A.J. Fikry,Gabrielle Zevin,3.98,173158,841
706,America (The Book): A Citizen's Guide to Democracy Inaction,Jon Stewart,4.02,84068,840
9378297,Anna Dressed in Blood,Kendare Blake,3.95,85737,835
1314332,Before I Die,Jenny Downham,3.83,48825,834
15505346,On the Island,Tracey Garvis Graves,4.13,68223,833
1278752,The House at Riverton,Kate Morton,3.94,87840,824
14996,Brother Odd,Dean Koontz,3.98,55874,822
7913305,The Immortals of Meluha,Amish Tripathi,4.04,81748,822
421129,Undead and Unwed,MaryJanice Davidson,3.82,49743,821
4978,Wolves of the Calla,Stephen King,4.18,132049,818
68429,The Well of Ascension,Brandon Sanderson,4.36,208000,814
51737,The Truth About Forever,Sarah Dessen,4.13,195637,813
9355,Until I Find You,John Irving,3.62,23180,810
760,Memories of My Melancholy Whores,Gabriel García Márquez,3.59,57099,806
6043849,The Ask and the Answer,Patrick Ness,4.21,60064,806
1279686,Genghis: Birth of an Empire,Conn Iggulden,4.35,22906,805
13414446,Prodigy,Marie Lu,4.28,178161,805
16176440,We Are All Completely Beside Ourselves,Karen Joy Fowler,3.72,87754,803
22288,Haunted,Chuck Palahniuk,3.59,77753,802
3271478,Arana's Visitor,Julie Rollins,4.19,74,800
12341557,The Wind Through the Keyhole,Stephen King,4.15,55193,800
22441997,Melody Jackson and the House on Lafayette Street,B.M.B. Johnson,4.54,59,800
25471719,DeadAlive,Sandip Khade,3.43,76,800
22341,The Wolves in the Walls,Neil Gaiman,4.07,14182,797
60400,The Ruins of Gorlan,John Flanagan,4.21,102935,796
28195,Inkspell,Cornelia Funke,3.91,96278,796
29430012,A Gentleman in Moscow,Amor Towles,4.36,128665,796
2906039,Just After Sunset,Stephen King,3.86,42159,794
24985876,The Code: The Assiduous Quest of Tobias Hopkins - Part Two,James Faro,4.92,12,787
68427,Elantris,Brandon Sanderson,4.17,130426,784
657034,Heartsick,Chelsea Cain,3.93,32321,783
24985673,Homecoming: The Assiduous Quest of Tobias Hopkins - Part One,James Faro,4.61,18,783
25146386,The Assiduous Quest of Tobias Hopkins: The Complete Novel,James Faro,4.25,93,783
26499472,Black Hole,Scott McElhaney,4.17,18,782
26310510,Kepler Moon Alpha,Scott McElhaney,4.16,25,781
66717,"I, Lucifer",Glen Duncan,3.63,8165,780
17675462,The Raven Boys,Maggie Stiefvater,4.06,199986,780
25419982,Trueman Bradley - The Next Great Detective,Alexei Maxim Russell,4.78,18,780
26809568,Valhalla,Scott McElhaney,4.53,15,780
26632799,The Gateway,Scott McElhaney,4.35,17,780
28876,His Majesty's Dragon,Naomi Novik,4.06,62859,780
8104749,When Dreams Die,Julie Rollins,4.25,48,776
17934530,Annihilation,Jeff VanderMeer,3.66,110513,774
153025,Heart-Shaped Box,Joe Hill,3.83,85705,768
24817626,Go Set a Watchman,Harper Lee,3.31,191989,768
7938275,The Hunger Games Trilogy Boxset,Suzanne Collins,4.48,171429,765
347698,The Secret River,Kate Grenville,3.79,15053,762
93788,Night Fall,Nelson DeMille,4.09,22930,762
10637766,Silence,Becca Fitzpatrick,4.14,223575,760
9293020,The Elephant Tree,R.D. Ronald,3.52,15676,758
12398,Europe Central,William T. Vollmann,3.91,2150,757
28703,Cosmopolis,Don DeLillo,3.23,13500,756
7937462,The Short Second Life of Bree Tanner,Stephenie Meyer,3.50,167724,753
8835379,Ruby Red,Kerstin Gier,4.12,92633,753
18144124,I Am Pilgrim,Terry Hayes,4.24,90269,751
15819028,The Golem and the Jinni,Helene Wecker,4.11,81787,749
42900,Lover Awakened,J.R. Ward,4.45,149779,745
6178648,Nothing to Envy: Ordinary Lives in North Korea,Barbara Demick,4.43,53316,745
9572203,The Snowman,Jo Nesbø,4.01,85664,745
4070095,Asterios Polyp,David Mazzucchelli,4.18,22046,744
1139452,Darkmans,Nicola Barker,3.62,1905,740
91289,The Hummingbird's Daughter,Luis Alberto Urrea,4.16,9356,740
2325825,Inkdeath,Cornelia Funke,3.94,63647,737
13602426,The Round House,Louise Erdrich,3.92,84326,736
769483,Magyk,Angie Sage,3.81,98230,736
17262100,The Lowland,Jhumpa Lahiri,3.83,75002,734
2722413,Evernight,Claudia Gray,3.64,70193,733
15830771,The Mystic Saga Omnibus,Scott McElhaney,3.82,262,732
16143347,We Were Liars,E. Lockhart,3.84,363351,730
7402393,Nightshade,Andrea Cremer,4.03,75262,728
62530,Thud!,Terry Pratchett,4.30,54567,728
6289283,"Born to Run: A Hidden Tribe, Superathletes, and the Greatest Race the World Has Never Seen",Christopher McDougall,4.28,137603,728
6443834,1Q84,Haruki Murakami,3.98,41035,728
32075671,The Hate U Give,Angie Thomas,4.56,205790,728
7824322,Between Shades of Gray,Ruta Sepetys,4.37,122789,726
17927395,A Court of Mist and Fury,Sarah J. Maas,4.69,199152,726
15711341,Written in Red,Anne Bishop,4.28,41176,725
111332,Into the Wild,Erin Hunter,4.29,63604,723
2767793,The Hero of Ages,Brandon Sanderson,4.47,195539,714
40445,Altered Carbon,Richard K. Morgan,4.07,66551,713
6200,Youth,J.M. Coetzee,3.79,5656,712
8564935,Switched,Amanda Hocking,3.88,84665,710
1162022,On the Jellicoe Road,Melina Marchetta,4.13,44478,710
6581511,Shadowland,Alyson Noel,3.66,74085,707
7488244,Unearthly,Cynthia Hand,4.04,113859,707
26135825,Fun Home: A Family Tragicomic,Alison Bechdel,4.09,103075,704
17905709,The Narrow Road to the Deep North,Richard Flanagan,4.01,40713,703
16174821,The Gordonston Ladies Dog Walking Club,Duncan Whitehead,3.39,2676,700
17871711,The Mystery of Revenge,G.X. Chen,4.22,72,700
19065420,Laços fortes e decisões difíceis,Graça Jacinto,4.73,15,700
31436554,If I Wake,Nikki Moyes,3.98,396,700
32853031,Dark Guardian,Ammar Habib,4.31,185,700
43926,The Innocent,Harlan Coben,3.96,23348,699
344262,Bloodfever,Karen Marie Moning,4.29,85265,699
2153792,The End of Mr. Y,Scarlett Thomas,3.79,13859,698
79885,The Lincoln Lawyer,Michael Connelly,4.15,172378,698
24856817,Off the Grid: The Catalyst,Brian  Courtney,4.19,384,695
18858489,Spilled Milk,K.L. Randis,4.17,19716,694
35036409,My Brilliant Friend,Elena Ferrante,3.91,124030,693
3973,Ilium,Dan Simmons,4.02,22917,691
24283871,"You Really Are Full of Shit, Aren't You?",Karl Wiggins,4.21,141,690
11003,Eleven on Top,Janet Evanovich,4.16,93912,687
49746,Whale Talk,Chris Crutcher,3.96,10109,687
25560329,Forgotten Lore: Volume I,Alexei Maxim Russell,4.20,35,687
7897851,Bloodlines,Lindsay Anne Kendal,3.70,927,686
12043511,Trinity,Domenico Italo Composto-Hart,4.23,139,686
2316940,The Circle Trilogy,Ted Dekker,4.48,3702,685
34501,A Hat Full of Sky,Terry Pratchett,4.30,54244,684
15052,Lighthousekeeping,Jeanette Winterson,3.84,6947,683
135611,Shakespeare: The World as Stage,Bill Bryson,3.79,31583,682
25560247,Forgotten Lore: Volume II,Alexei Maxim Russell,4.50,22,682
10314376,The Prague Cemetery,Umberto Eco,3.41,19607,681
1096390,The Uncommon Reader,Alan Bennett,3.81,26842,679
14758,In Her Shoes,Jennifer Weiner,3.78,185207,678
9593913,Requiem,Lauren Oliver,3.74,116981,678
22820335,Amatore's Restaurant,James Sillwood,4.28,85,677
699094,102 Minutes: The Untold Story of the Fight to Survive Inside the Twin Towers,Jim  Dwyer,4.24,6926,676
29908754,The Zombie Room,R.D. Ronald,3.60,17546,676
18635016,The One,Kiera Cass,4.21,283219,674
18461055,Grit: The Banter and Brutality of the Late-Night Cab,Karl Wiggins,4.35,201,674
99383,Blood Rites,Jim Butcher,4.33,94794,671
91476,Grave Peril,Jim Butcher,4.18,117491,669
18596802,Dominion,Scott McElhaney,3.68,129,669
6644117,The Iron King,Julie Kagawa,3.91,172872,667
11187861,The Years Distilled: Verses,Dennis Sharpe,4.87,31,667
10883,Benjamin Franklin: An American Life,Walter Isaacson,3.98,91043,664
17282393,Ghosts of Ophidian,Scott McElhaney,3.67,221,664
5357,Skipping Christmas,John Grisham,3.48,49781,662
28251002,The Nix,Nathan  Hill,4.09,44976,662
927979,Small Favor,Jim Butcher,4.44,83611,661
91475,White Night,Jim Butcher,4.41,89572,661
1474628,The Monsters of Templeton,Lauren Groff,3.60,17278,659
7334201,Super Sad True Love Story,Gary Shteyngart,3.45,35707,658
156534,"Y: The Last Man, Vol. 1: Unmanned",Brian K. Vaughan,4.09,93241,657
1237300,The Shock Doctrine: The Rise of Disaster Capitalism,Naomi Klein,4.23,31381,655
6609765,Out of My Mind,Sharon M. Draper,4.37,83582,651
10429045,Shatter Me,Tahereh Mafi,3.99,232497,650
7842288,Beautiful Darkness,Kami Garcia,3.84,113262,649
15852526,Beyond the Event Horizon,Scott McElhaney,3.92,198,649
97875,44 Scotland Street,Alexander McCall Smith,3.62,18677,646
11454587,Spell Bound,Rachel Hawkins,4.08,53585,643
13079,Skinny Dip,Carl Hiaasen,3.80,35146,643
10073,A Long Way Down,Nick Hornby,3.42,71810,642
270730,Crank,Ellen Hopkins,4.16,114904,642
38619,Magic Bites,Ilona Andrews,4.07,86379,640
18006496,Queen of Shadows,Sarah J. Maas,4.59,157786,640
12751687,Finale,Becca Fitzpatrick,4.21,123216,639
18869947,"Blackamoores: Africans in Tudor England, Their Presence, Status and Origins",Onyeka,4.40,70,638
178460,Slave: My True Story,Mende Nazer,4.30,6691,636
26843420,Colonization,Scott McElhaney,3.91,35,631
7600924,Forbidden,Tabitha Suzuma,4.05,47571,630
96334,The Pickup,Nadine Gordimer,3.57,2882,622
6335026,The Weight of Silence,Heather Gudenkauf,3.93,37196,622
14318,"Chronicles, Volume One",Bob Dylan,3.98,42610,621
11468377,"Thinking, Fast and Slow",Daniel Kahneman,4.12,196913,620
6050298,Dreamfever,Karen Marie Moning,4.42,82626,618
6462,His Excellency: George Washington,Joseph J. Ellis,3.91,31453,617
12216302,Cold Days,Jim Butcher,4.51,73305,616
27126,"Bitter Is the New Black: Confessions of a Condescending, Egomaniacal, Self-Centered Smartass, Or, Why You Should Never Carry A Prada Bag to the Unemployment Office",Jen Lancaster,3.90,44706,614
19486412,Big Little Lies,Liane Moriarty,4.24,535512,608
95643,The Places in Between,Rory Stewart,3.88,12637,606
3289281,When Will There Be Good News?,Kate Atkinson,3.97,31313,604
5093,Song of Susannah,Stephen King,3.98,110364,604
8710484,La carte et le territoire,Michel Houellebecq,3.94,12233,603
7146335,Skippy Dies,Paul Murray,3.72,18434,603
28249,The Magicians' Guild,Trudi Canavan,3.96,61124,602
13508406,The Unwords,Non Nomen,3.64,259,600
15992396,"Take a Deep Breath - 21 Top Tips for Relaxed, Rewarding and Healthy Life for Stressed Wage Earners",Michal Siwiec,4.00,12,600
17567854,Intermix Nation,M.P. Attardo,4.16,190,600
18343754,A Capitalist in North Korea: My Seven Years in the Hermit Kingdom,Felix Abt,3.69,152,600
20578084,"We Got Zombies On The Lawn Again, Ma",Donnie  Smith,3.37,83,600
26177993,The Millennial Reincarnations,Daniel M. Harrison,3.86,37,600
40785049,Lights on the Sea,Miquel Reina,4.24,525,600
13281368,The Twelve,Justin Cronin,3.99,75682,599
18705209,The Blood of Olympus,Rick Riordan,4.42,152799,599
224379,Gulag: A History,Anne Applebaum,4.20,7199,598
12959233,Winter of the World,Ken Follett,4.31,103425,597
20567969,"Yours Truly, Taddy",Avery Aster,3.66,693,597
4954833,Brooklyn,Colm Tóibín,3.65,78538,596
8705784,Born at Midnight,C.C. Hunter,4.13,75448,596
83763,Prey,Michael Crichton,3.74,147188,595
20567976,"Love, Lex",Avery Aster,3.13,1530,595
13438524,Flight Behavior,Barbara Kingsolver,3.77,71837,594
222458,Rules,Cynthia Lord,3.96,48996,594
20512062,Carnelian,B. Kristin McMichael,3.85,798,594
24689551,The IX,Andrew P. Weston,3.44,406,594
4303567,Angelica and Francesca,Kenneth Jarrett Singleton,4.59,290,594
33722,The Undomestic Goddess,Sophie Kinsella,3.82,231733,592
307791,The City of Ember,Jeanne DuPrau,3.86,220334,592
47667,Seeing,José Saramago,3.78,14424,591
10032672,The Language of Flowers,Vanessa Diffenbaugh,4.07,175354,591
83369,The Mysterious Benedict Society,Trenton Lee Stewart,4.15,105735,591
30555488,The Underground Railroad,Colson Whitehead,4.03,168782,591
956719,Engleby,Sebastian Faulks,3.72,6967,588
13325079,Billy Lynn's Long Halftime Walk,Ben Fountain,3.81,26388,587
29496076,Killers of the Flower Moon: The Osage Murders and the Birth of the FBI,David Grann,4.11,60553,585
1155314,God Is Dead,Ron Currie Jr.,3.74,2819,582
10909,The Tenth Circle,Jodi Picoult,3.49,108804,582
493456,Extras,Scott Westerfeld,3.59,96049,581
16081272,The Edge of Never,J.A. Redmerski,4.25,135772,577
245579,My Dream of You,Nuala O&#39;Faolain,3.55,2145,575
3463,A Bend in the Road,Nicholas Sparks,4.03,129672,574
42661,The Fall of Berlin 1945,Antony Beevor,4.28,10721,574
7507825,At Home: A Short History of Private Life,Bill Bryson,3.96,68301,574
13615258,Free Four: Tobias Tells the Divergent Knife-Throwing Scene,Veronica Roth,4.17,90336,573
39020,1491: New Revelations of the Americas Before Columbus,Charles C. Mann,4.01,51078,573
8087906,River Marked,Patricia Briggs,4.27,68211,572
7864437,The Death Cure,James Dashner,3.77,290481,569
35847912,Colombiano,Rusty Young,4.37,492,569
45108,Fool's Fate,Robin Hobb,4.40,54671,565
11925514,Code Name Verity,Elizabeth E. Wein,4.06,78472,565
41250,GraceLand,Chris Abani,3.79,2088,563
7576115,I Shall Wear Midnight,Terry Pratchett,4.36,39422,563
284440,Skulduggery Pleasant,Derek Landy,4.21,44396,563
7661,Next,Michael Crichton,3.49,60029,562
77866,Any Human Heart,William  Boyd,4.27,12178,562
7723542,A Dog's Purpose,W. Bruce Cameron,4.35,93087,560
12287209,Wool,Hugh Howey,4.12,67621,560
1833852,A Fraction of the Whole,Steve Toltz,4.10,12540,559
2702704,Faefever,Karen Marie Moning,4.33,83148,559
11869272,"Behind the Beautiful Forevers: Life, Death, and Hope in a Mumbai Undercity",Katherine Boo,3.97,86613,559
12875258,Tell the Wolves I'm Home,Carol Rifka Brunt,4.04,107438,559
6218281,The Sweetness at the Bottom of the Pie,Alan Bradley,3.81,121569,557
7540092,Monsters of Men,Patrick Ness,4.25,56121,557
85418,Just One Look,Harlan Coben,4.01,28347,554
42155,Something Blue,Emily Giffin,3.93,189921,551
5664985,Along for the Ride,Sarah Dessen,4.07,174571,551
13641208,Tenth of December,George Saunders,3.97,50516,551
17803,After Dark,Haruki Murakami,3.69,88128,551
38657,The Stolen Child,Keith Donohue,3.71,10385,548
16046,Before You Know Kindness,Chris Bohjalian,3.46,9994,548
1232140,The Serpent's Tale,Ariana Franklin,3.94,10969,548
55018,The Tin Roof Blowdown,James Lee Burke,4.17,12459,548
13569581,Blood Song,Anthony Ryan,4.46,59226,548
4251902,American Rust,Philipp Meyer,3.70,8058,548
6834410,The Imperfectionists,Tom Rachman,3.54,43824,545
3710,The Autograph Man,Zadie Smith,3.15,10261,543
13526165,"Where'd You Go, Bernadette",Maria Semple,3.90,313922,542
1225621,The Outlaw Demon Wails,Kim Harrison,4.38,50038,541
5292853,Hunting Ground,Patricia Briggs,4.27,52817,541
6574102,Heist Society,Ally Carter,3.91,83196,540
6437061,The Hundred Thousand Kingdoms,N.K. Jemisin,3.83,39133,539
12000020,Aristotle and Dante Discover the Secrets of the Universe,Benjamin Alire Sáenz,4.35,167512,536
7747064,The Iron Daughter,Julie Kagawa,4.12,104813,535
7948230,"Crooked Letter, Crooked Letter",Tom Franklin,3.83,35596,533
6905012,Secret Daughter,Shilpi Somaya Gowda,3.98,63878,533
11076177,The Cat's Table,Michael Ondaatje,3.59,22166,533
17332218,Words of Radiance,Brandon Sanderson,4.77,142492,532
568645,Cross My Heart and Hope to Spy,Ally Carter,4.13,77218,530
240404,Alice's Tulips,Sandra Dallas,3.80,3403,529
10757346,Ain't No Grave: The Life and Legacy of Brother Claude Ely,Macel Ely II,4.00,24,529
4979,A Man Without a Country,Kurt Vonnegut,4.08,34764,528
2200877,The Sugar Queen,Sarah Addison Allen,3.98,45250,528
1326258,Chosen,P.C. Cast,3.91,209881,528
18243700,The Assassin's Blade,Sarah J. Maas,4.46,87474,527
28260587,Empire of Storms,Sarah J. Maas,4.57,115914,527
201114,Sold,Patricia McCormick,4.21,43106,525
7619057,Warm Bodies,Isaac Marion,3.93,95779,525
24431,Trickster's Choice,Tamora Pierce,4.28,52551,524
18302455,The Circle,Dave Eggers,3.44,158295,521
10872085,Only Time Will Tell,Jeffrey Archer,4.06,62755,520
1611988,A Prisoner of Birth,Jeffrey Archer,4.11,28030,518
13623012,The Prisoner of Heaven,Carlos Ruiz Zafón,3.98,48716,518
462033,Maisie Dobbs,Jacqueline Winspear,3.91,63620,517
17262203,MaddAddam,Margaret Atwood,3.99,49222,516
14280,Runaway,Alice Munro,3.98,17933,515
18428067,A Constellation of Vital Phenomena,Anthony Marra,4.13,40338,515
343995,The Blue Nowhere,Jeffery Deaver,3.96,8570,512
3238153,North of Beautiful,Justina Chen,3.92,34529,512
2138727,Mudbound,Hillary Jordan,4.02,56428,511
6746018,The Distant Hours,Kate Morton,3.87,58189,510
12009,The Algebraist,Iain M. Banks,4.00,16114,509
531350,The Choice,Nicholas Sparks,3.99,140250,509
3507,Twelve Sharp,Janet Evanovich,4.14,84082,508
6063187,Twenties Girl,Sophie Kinsella,3.82,138202,508
13537891,NW,Zadie Smith,3.43,27841,508
8659601,The Power of Six,Pittacus Lore,4.17,112963,506
9736930,Before I Go to Sleep,S.J. Watson,3.88,242628,502
148465,Forever,Pete Hamill,3.93,10061,500
10400575,Witch Song,Amber Argyle,3.69,4985,500
17571564,"Hyperbole and a Half: Unfortunate Situations, Flawed Coping Mechanisms, Mayhem, and Other Things That Happened",Allie Brosh,4.18,147875,500
26114523,The Summer that Melted Everything,Tiffany McDaniel,3.93,4556,500
8928799,A Spy at Home,Joseph Rinaldo,3.70,37,499
21446984,Twisted,Lola Smirnova,3.84,174,499
12260642,I am an Island,Jonathan Culver,3.90,20,498
22404111,Clearly's Corruption,Taylor Ann Bunker,4.43,37,498
3314550,The Gates to Love and War,Janie Pendleton,4.57,28,497
18715583,Palette of Love,Ashok  Kallarakkal,4.00,19,497
21865943,Regular People of the Weak: A Rebel's Experience with the Spiritual Chief of Poets,Shareef Mabrouk,4.78,9,497
25278965,Pregnancy and Men,Pratik Patil,3.91,43,497
13643567,The Evolution of Mara Dyer,Michelle Hodkin,4.32,76646,497
1472878,Firefly Lane,Kristin Hannah,4.06,151529,496
22882294,The Tainted Trust,Stephen Douglass,4.68,176,494
17801272,Trust: Pandora's Box,Cristiane Serruya,4.13,167,490
599146,Madame de Stäel,Maria Fairweather,4.17,94,488
43691,The Master,Colm Tóibín,3.83,7990,488
21913812,This Changes Everything: Capitalism vs. The Climate,Naomi Klein,4.17,12510,488
115076,Love Walked in,Marisa de los Santos,3.71,32130,487
43930,Gone for Good,Harlan Coben,4.11,37183,486
25001951,Secret Deceptions,James Sillwood,4.50,42,486
17863,Accelerando,Charles Stross,3.87,17093,484
23955580,Skinhead... The Life I Chose: Memoirs of a Real Skin,Spike Pitt,4.16,61,484
45369,Arthur and George,Julian Barnes,3.70,13380,484
13596166,Joyland,Stephen King,3.91,93262,483
21015194,Shit my History Teacher DID NOT tell me!,Karl Wiggins,4.17,210,482
880,Pompeii,Robert   Harris,3.81,30140,482
944073,The Blade Itself,Joe Abercrombie,4.15,126437,481
6512154,Zeitoun,Dave Eggers,4.08,63820,480
11073085,Train Dreams,Denis Johnson,3.90,13018,479
7719245,Paranormalcy,Kiersten White,3.90,86952,475
23007,The Time of Our Singing,Richard Powers,4.24,2241,474
16096824,A Court of Thorns and Roses,Sarah J. Maas,4.27,284007,474
2922755,The Witch's Trinity,Erika Mailman,3.56,1489,473
199215,A Free Life,Ha Jin,3.68,2563,473
478657,Undead and Unreturnable,MaryJanice Davidson,3.88,20820,472
10194514,Pushing the Limits,Katie McGarry,4.07,107715,471
14744360,The Fish the Fighters and the Song-Girl,Janet E. Morris,4.73,134,470
2199365,The Lost Books of the Odyssey,Zachary Mason,3.93,2554,469
17465453,The Signature of All Things,Elizabeth Gilbert,3.82,77968,469
2855034,Nation,Terry Pratchett,4.06,28734,468
20819685,The Bone Clocks,David Mitchell,3.82,73664,468
3325259,Confessions of a Contractor,Richard  Murphy,3.05,254,466
10576365,The Darkest Minds,Alexandra Bracken,4.22,116162,466
14975,Labyrinth,Kate Mosse,3.56,43112,465
24687,Don't Let's Go to the Dogs Tonight: An African Childhood,Alexandra Fuller,3.96,44421,465
17380041,Longbourn,Jo Baker,3.62,42495,465
29906980,Lincoln in the Bardo,George Saunders,3.79,79416,465
8428064,Demonglass,Rachel Hawkins,4.12,83351,463
9498875,The Lonely Polygamist,Brady Udall,3.51,14295,461
11559200,Shadow of Night,Deborah Harkness,4.06,127691,460
32263,The Surgeon,Tess Gerritsen,4.10,111808,459
9395215,Everlasting,Alyson Noel,3.92,42609,459
2217682,America America,Ethan Canin,3.65,3217,458
12612,Hegemony or Survival: America's Quest for Global Dominance,Noam Chomsky,3.96,11162,458
6692041,Mornings in Jenin,Susan Abulhawa,4.36,15892,458
1268479,Warbreaker,Brandon Sanderson,4.24,80803,456
17237214,Two Boys Kissing,David Levithan,4.09,33868,451
12893742,The Serpent's Shadow,Rick Riordan,4.29,101109,450
15753740,The Storyteller,Jodi Picoult,4.27,142563,450
9284655,Tiger's Curse,Colleen Houck,4.06,53672,448
446038,Down River,John Hart,3.94,11279,447
10915826,The Torah Codes,Ezra Barany,3.49,159,447
34511,Monstrous Regiment,Terry Pratchett,4.20,52732,447
10140661,Gabriel's Inferno,Sylvain Reynard,4.01,133540,446
8785374,Snuff,Terry Pratchett,4.16,40890,444
14963,A Wedding in December,Anita Shreve,3.09,17962,442
8573020,The Weird Sisters,Eleanor Brown,3.36,41812,442
3280003,The Dark Side: The Inside Story of How the War on Terror Turned Into a War on American Ideals,Jane Mayer,4.18,3615,440
29776,The Dying Animal,Philip Roth,3.62,7443,440
816720,The Witch of Portobello,Paulo Coelho,3.52,63203,439
6905534,Raised by Wolves,Jennifer Lynn Barnes,3.93,26470,439
17465515,The Story of a New Name,Elena Ferrante,4.36,65818,439
3483,Special Topics in Calamity Physics,Marisha Pessl,3.71,36698,438
19548967,Cracked Hearts,Linda Masemore Pirrung,4.26,112,438
368731,A Problem from Hell,Samantha Power,4.21,8081,436
9569,Villa Incognito,Tom Robbins,3.66,16513,436
10626594,The Scorpio Races,Maggie Stiefvater,4.09,83706,435
4830,Shalimar the Clown,Salman Rushdie,3.87,11934,434
2768169,The Underneath,Kathi Appelt,3.94,9283,434
9166559,These Things Hidden,Heather Gudenkauf,3.86,31881,434
10915,Salem Falls,Jodi Picoult,3.81,66594,434
294047,Amazonia,James Rollins,4.12,24866,434
20893314,A Brief History of Seven Killings,Marlon James,3.86,21152,434
15751404,"David and Goliath: Underdogs, Misfits, and the Art of Battling Giants",Malcolm Gladwell,3.92,118987,433
32703,The Diary of Ellen Rimbauer: My Life at Rose Red,Joyce Reardon,3.66,8719,430
10911,Second Glance,Jodi Picoult,3.79,38950,430
10757833,Beautiful Chaos,Kami Garcia,3.94,85785,429
688191,Everlost,Neal Shusterman,3.95,27900,428
7703038,Nemesis,Philip Roth,3.78,10172,428
2845287,The Wordy Shipmates,Sarah Vowell,3.66,19591,426
295649,Bloody Jack,L.A. Meyer,4.11,22197,426
6251222,Await Your Reply,Dan Chaon,3.54,12472,423
11594257,Under the Never Sky,Veronica Rossi,4.00,101788,420
383028,The Hard Way,Lee Child,4.16,51902,419
27833670,Dark Matter,Blake Crouch,4.10,146457,419
45000,The Island at the Center of the World: The Epic Story of Dutch Manhattan and the Forgotten Colony That Shaped America,Russell Shorto,4.12,6959,418
10505,History of Beauty,Umberto Eco,3.76,43425,418
37426,Little Children,Tom Perrotta,3.62,28103,416
10286585,Evolution of Insanity,Haresh Daswani,4.27,71,416
10846336,Salvage the Bones,Jesmyn Ward,3.90,30721,413
3751995,Grave Goods,Ariana Franklin,4.10,9911,407
4494917,Gone Tomorrow,Lee Child,4.18,74038,406
220968,One Shot,Lee Child,4.21,79634,406
125926,Dime Store Magic,Kelley Armstrong,4.07,30975,405
17683,Dead Beat,Jim Butcher,4.44,92268,405
8664368,The Finkler Question,Howard Jacobson,2.77,12881,403
11594337,The One and Only Ivan,Katherine Applegate,4.26,103344,403
495395,The Year of Living Biblically: One Man's Humble Quest to Follow the Bible as Literally as Possible,A.J. Jacobs,3.76,56995,402
50695,Everyman,Philip Roth,3.57,14398,402
6423085,Catapult Soul,Brian Celio,3.95,42,400
2211221,Nothing to Lose,Lee Child,3.91,44026,400
22207,Lullabies for Little Criminals,Heather O&#39;Neill,3.97,17431,400
15733160,Meditation on Space-Time,Leonard Seet,4.09,23,400
26059449,Freaks I've Met,Donald Jans,4.38,1570,400
12397415,A Legacy of Madness: Recovering My Family from Generations of Mental Illness,Tom   Davis,3.66,164,398
12260599,Huey Lambert's Walking Nuclear Circus,Jonathan Culver,3.42,19,398
9462812,Die for Me,Amy Plum,3.99,50935,398
2924318,Home,Marilynne Robinson,3.99,17903,398
11733930,Revelations,Lindsay Anne Kendal,4.00,273,396
251519,Good Grief,Lolly Winston,3.72,26550,396
91474,Proven Guilty,Jim Butcher,4.42,88601,396
6567017,"Will Grayson, Will Grayson",John Green,3.81,292946,396
17553217,Undressed,Avery Aster,3.63,2282,396
9724798,The Violets of March,Sarah Jio,3.80,20826,395
25131174,The Immortal Coil,J. Armand,3.47,198,395
393145,The Riddle,Alison Croggon,4.10,19120,395
18214458,Unscrupulous,Avery Aster,3.72,1852,394
86663,Ten Big Ones,Janet Evanovich,4.14,85783,393
11187936,Fresh,Dennis Sharpe,4.43,28,393
